--create database Assignment02
--use Assignment02


CREATE TABLE CITY
(CITY_CODE CHAR(2) PRIMARY KEY,
CITY_NAME VARCHAR(20),
CITY_MANAGER VARCHAR(20))

INSERT INTO CITY VALUES('11', 'CITY1', 'MANAGER1')
INSERT INTO CITY VALUES('12', 'CITY2', 'MANAGER2')
INSERT INTO CITY VALUES('13', 'CITY3', 'MANAGER3')




CREATE TABLE LOCATION
(LOC_ID CHAR(3) PRIMARY KEY,
CITY_CODE CHAR(2),
LOC_NAME VARCHAR(10),
LOC_ADDRESS VARCHAR(15),
LOC_CITY VARCHAR(10),
LOC_ZIP NUMERIC (4, 2))

ALTER TABLE LOCATION
ADD CONSTRAINT LOCATION_CITY_CODE_FK FOREIGN KEY (CITY_CODE) REFERENCES CITY 

INSERT INTO LOCATION VALUES('111', '11', 'LOC1', 'ADDRESS1', 'LOCITY1', 43)
INSERT INTO LOCATION VALUES('112', '12', 'LOC2', 'ADDRESS2', 'LOCITY2', 42)
INSERT INTO LOCATION VALUES('113', '13', 'LOC3', 'ADDRESS3', 'LOCITY3', 41)




CREATE TABLE GAME
(GAME_NUM CHAR(1) PRIMARY KEY,
LOC_ID CHAR(3),
GAME_DATE DATE,
GAME_TIME TIME)

ALTER TABLE GAME
ADD CONSTRAINT GAME_LOC_ID_FK FOREIGN KEY (LOC_ID) REFERENCES LOCATION

INSERT INTO GAME VALUES('1', '111', '2002-01-01', '12:30:00')
INSERT INTO GAME VALUES('2', '112', '2002-02-02', '2:20:00')
INSERT INTO GAME VALUES('3', '113', '2002-03-03', '3:30:00')



CREATE TABLE TEAM
(TEAM_CODE CHAR(4),
TEAM_NAME VARCHAR(10),
CITY_CODE CHAR(2),
CONSTRAINT TEAM_CITY_CODE_FK FOREIGN KEY (CITY_CODE) REFERENCES CITY)

ALTER TABLE TEAM
ALTER COLUMN TEAM_CODE CHAR(4) NOT NULL
ALTER TABLE TEAM
ADD CONSTRAINT TEAM_TEAM_CODE_PK PRIMARY KEY (TEAM_CODE)


INSERT INTO TEAM VALUES('1111', 'TEAM1', '11')
INSERT INTO TEAM VALUES('2222', 'TEAM2', '12')
INSERT INTO TEAM VALUES('3333', 'TEAM3', '13')

CREATE TABLE PLAYER
(PLAYER_CODE CHAR(2) PRIMARY KEY,
TEAM_CODE CHAR(4),
PLAYER_LNAME VARCHAR(20),
PLAYER_FNAME VARCHAR(20),
PLAYER_PHONE VARCHAR(14) UNIQUE,
CONSTRAINT PLAYER_TEAM_CODE_FK FOREIGN KEY (TEAM_CODE) REFERENCES TEAM)


INSERT INTO PLAYER VALUES('01', '1111', 'PLAYER', 'ONE', '5140231234')
INSERT INTO PLAYER VALUES('02', '2222', 'PLAYER', 'TWO', '5143456234')
INSERT INTO PLAYER VALUES('03', '3333', 'PLAYER', 'THREE', '5145946569')


CREATE TABLE STAT
(GAME_NUM CHAR(1),
PLAYER_CODE CHAR(2),
PRIMARY KEY (GAME_NUM, PLAYER_CODE),
CONSTRAINT STAT_GAME_NUM_FK FOREIGN KEY (GAME_NUM) REFERENCES GAME,
CONSTRAINT STAT_PLAYER_CODE_FK FOREIGN KEY (PLAYER_CODE) REFERENCES PLAYER)
--FORGOT THE REST LOLLL

INSERT INTO STAT VALUES('1', '01')
INSERT INTO STAT VALUES('2', '02')
INSERT INTO STAT VALUES('3', '03')




CREATE TABLE GAME_LINE
(GLINE_CODE CHAR(3) NOT NULL,
TEAM_CODE CHAR(4) NOT NULL,
GAME_NUM CHAR(1) NOT NULL,
GLINE_POINTS NUMERIC (3,2),
GLINE_FOULS NUMERIC (2,2),
GLINE_TIMEOUTS NUMERIC (2,2))

ALTER TABLE GAME_LINE
ADD CONSTRAINT GAME_LINE_GLINE_CODE_PK PRIMARY KEY (GLINE_CODE) 

ALTER TABLE GAME_LINE
DROP CONSTRAINT GAME_LINE_GLINE_CODE_PK

ALTER TABLE GAME_LINE
ADD CONSTRAINT GAME_LINE_PK PRIMARY KEY(GLINE_CODE, TEAM_CODE, GAME_NUM)

ALTER TABLE GAME_LINE
ADD CONSTRAINT GAME_LINE_TEAM_CODE_FK FOREIGN KEY (TEAM_CODE) REFERENCES TEAM

ALTER TABLE GAME_LINE
ADD CONSTRAINT GAME_LINE_GAME_NUM_FK FOREIGN KEY (GAME_NUM) REFERENCES GAME



INSERT INTO GAME_LINE VALUES('111', '1111', '1', 8, 5, 2)
--FUCK NUMERIC

CREATE TABLE COACH 
(TEAM_CODE CHAR(4),
COACH_NUM CHAR(2),
COACH_LNAME VARCHAR(20),
COACH_FNAME VARCHAR(20),
COACH_INITIAL VARCHAR(3),
COACH_HOMEPHONE VARCHAR(14) UNIQUE,
COACH_WORKPHONE VARCHAR(14) UNIQUE,
COACH_E_MAIL VARCHAR(20) UNIQUE)

ALTER TABLE COACH
ALTER COLUMN TEAM_CODE CHAR(4) NOT NULL

ALTER TABLE COACH
ALTER COLUMN COACH_NUM CHAR(2) NOT NULL

ALTER TABLE COACH
ADD CONSTRAINT COACH_PK PRIMARY KEY (TEAM_CODE, COACH_NUM)

ALTER TABLE COACH
ADD CONSTRAINT COACH_TEAM_CODE_FK FOREIGN KEY (TEAM_CODE) REFERENCES TEAM


INSERT INTO COACH VALUES('1111','10', 'COACH', 'ONE', 'CO', '514678234', '5142331234', 'C1@GMAIL.COM')
INSERT INTO COACH VALUES('2222','20', 'COACH', 'TWO', 'CT', '517565684', '5165661234', 'C2@GMAIL.COM')
INSERT INTO COACH VALUES('3333','30', 'COACH', 'THREE', 'CT', '545568234', '514565734', 'C3@GMAIL.COM')


--3

ALTER TABLE PLAYER
ADD PLAYER_AGE VARCHAR(3)

ALTER TABLE PLAYER
ADD CONSTRAINT PLAYER_PLAYER_AGE_CK CHECK (PLAYER_AGE > 10 AND PLAYER_AGE < 18)

ALTER TABLE TEAM
ADD CONSTRAINT TEAM_TEAM_NAME_UQ UNIQUE (TEAM_NAME)


--FUCK THE OTHER 3 QUESTIONS....