--CREATE DATABASE DENZEL_ASSIG_SCRIPT
--USE DENZEL_ASSIG_SCRIPT


CREATE TABLE CITY
(CITY_CODE CHAR(6) PRIMARY KEY,
CITY_NAME VARCHAR(20),
CITY_MANAGER VARCHAR(20))

--Q2
INSERT INTO CITY VALUES('112233','Boston', 'Denzel Curry')
INSERT INTO CITY VALUES('223344','New York', 'Scherds H.')
INSERT INTO CITY VALUES('334455','Montreal', 'J.R')
INSERT INTO CITY VALUES('445566','Toronto', 'Luc D.')



CREATE TABLE LOCATION
(LOC_ID CHAR(4) PRIMARY KEY,
LOC_NAME VARCHAR(20),
LOC_ADDREESS VARCHAR(30),
LOC_CITY VARCHAR(20),
LOC_ZIP VARCHAR(15),
CITY_CODE CHAR(6),
CONSTRAINT LOCATION_CITY_CODE_FK FOREIGN KEY (CITY_CODE) REFERENCES CITY (CITY_CODE))

--Q2
INSERT INTO LOCATION VALUES('0001','California', 'Down St. 4590 L.A','Los Angeles','HW4 CSD', '112233')
INSERT INTO LOCATION VALUES('0002','Ontario', 'Central Garden St. ON','Ottawa','H3W 5KC', '223344')
INSERT INTO LOCATION VALUES('0003','California','Flower St. CA','Florida','J4A 5KE', '445566')
INSERT INTO LOCATION VALUES('0004','Quebec', 'Bell Center QC', 'Montreal','HW8 I9O', '334455')

CREATE TABLE GAME
(GAME_NUM CHAR(5) PRIMARY KEY,
GAME_DATE DATE,
GAME_TIME VARCHAR(8),
LOC_ID CHAR(4),
CONSTRAINT GAME_LOC_ID_FK FOREIGN KEY (LOC_ID) REFERENCES LOCATION (LOC_ID))

--Q2
INSERT INTO GAME VALUES('00001', '2026-02-23', '11:30 PM', '0001')
INSERT INTO GAME VALUES('00002', '2026-02-27', '7:00 PM', '0002')
INSERT INTO GAME VALUES('00003', '2026-03-10', '5:00 PM', '0003')
INSERT INTO GAME VALUES('00004', '2026-03-16', '9:30 PM', '0004')



CREATE TABLE TEAM
(TEAM_CODE CHAR(4) PRIMARY KEY,
TEAM_NAME VARCHAR(15),
CITY_CODE CHAR(6),
CONSTRAINT TEAM_CITY_CODE_FK FOREIGN KEY (CITY_CODE) REFERENCES CITY (CITY_CODE))

--Q2
INSERT INTO TEAM VALUES('0012', 'Aaspa', '112233')
INSERT INTO TEAM VALUES('0013', 'Butterflies','223344')
INSERT INTO TEAM VALUES('0014', 'Da French', '334455')
INSERT INTO TEAM VALUES('0015', 'Raptors', '445566')



CREATE TABLE PLAYER 
(PLAYER_CODE CHAR(3) PRIMARY KEY,
PLAYER_LNAME VARCHAR(15),
PLAYER_FNAME VARCHAR(15),
PLAYER_INITIAL VARCHAR(2),
PLAYER_PHONE VARCHAR(10) UNIQUE,
TEAM_CODE CHAR(4),
CONSTRAINT PLAYER_TEAM_CODE_FK FOREIGN KEY (TEAM_CODE) REFERENCES TEAM (TEAM_CODE))

--Q2
INSERT INTO PLAYER VALUES('444', 'Lmao', 'Lama', 'LL', '6126537535'



CREATE TABLE STAT
(STAT_POINTS VARCHAR(5),
STAT_FOULS VARCHAR(2),
STAT_FREETHROWS_TAKEN VARCHAR(2),
STAT_FREETHROWS_MADE VARCHAR(2),
GAME_NUM CHAR(5),
PLAYER_CODE CHAR(3),
PRIMARY KEY (GAME_NUM, PLAYER_CODE),
CONSTRAINT STAT_PLAYER_CODE_FK FOREIGN KEY (PLAYER_CODE) REFERENCES PLAYER (PLAYER_CODE),
CONSTRAINT STAT_GAME_NUM_FK FOREIGN KEY (GAME_NUM) REFERENCES GAME (GAME_NUM))



CREATE TABLE CAOCH
(COACH_NUM CHAR(3),
TEAM_CODE CHAR(4),
PRIMARY KEY(COACH_NUM, TEAM_CODE),
COACH_LNAME VARCHAR(20),
COACH_FNAME VARCHAR(20),
COACH_INITIAL VARCHAR(2),
COACH_HOMEPHONE VARCHAR(10) UNIQUE,
COACH_WORKPHONE VARCHAR(10) UNIQUE,
COACH_E_MAIL VARCHAR(20) UNIQUE,
CONSTRAINT GAME_LINE_TEAM_CODE_FK FOREIGN KEY (TEAM_CODE) REFERENCES TEAM (TEAM_CODE))



CREATE TABLE GAME_LINE
(GLINE_CODE CHAR(4),
TEAM_CODE CHAR(4),
GAME_NUM CHAR(5), 
PRIMARY KEY (GLINE_CODE, TEAM_CODE, GAME_NUM),
GLINE_POINTS NUMERIC (5,2),
GLINE_FOULS VARCHAR(3),
GLINE_TIMEOUT VARCHAR(2),
CONSTRAINT GLINE_TEAM_CODE_FK FOREIGN KEY (TEAM_CODE) REFERENCES TEAM (TEAM_CODE),
CONSTRAINT GLINE_GAME_NUM_FK FOREIGN KEY (GAME_NUM) REFERENCES GAME (GAME_NUM))







