
--CREATE DATABASE DENZEL_ASSIG_SCRIPT
--USE DENZEL_ASSIG_SCRIPT


CREATE TABLE CITY
(CITY_CODE CHAR(6) PRIMARY KEY,
CITY_NAME VARCHAR(20),
CITY_MANAGER VARCHAR(20))

--Q2
INSERT INTO CITY VALUES('112233','Boston', 'Denzel Curry')
INSERT INTO CITY VALUES('223344','New York', 'Scherds H.')
INSERT INTO CITY VALUES('334455','Montreal', 'J.R')
INSERT INTO CITY VALUES('445566','Toronto', 'Luc D.')



CREATE TABLE LOCATION
(LOC_ID CHAR(4) PRIMARY KEY,
LOC_NAME VARCHAR(20),
LOC_ADDREESS VARCHAR(30),
LOC_CITY VARCHAR(20),
LOC_ZIP VARCHAR(15),
CITY_CODE CHAR(6),
CONSTRAINT LOCATION_CITY_CODE_FK FOREIGN KEY (CITY_CODE) REFERENCES CITY (CITY_CODE))

--Q2
INSERT INTO LOCATION VALUES('0001','California', 'Down St. 4590 L.A','Los Angeles','HW4 CSD', '112233')
INSERT INTO LOCATION VALUES('0002','Ontario', 'Central Garden St. ON','Ottawa','H3W 5KC', '223344')
INSERT INTO LOCATION VALUES('0003','California','Flower St. CA','Florida','J4A 5KE', '445566')
INSERT INTO LOCATION VALUES('0004','Quebec', 'Bell Center 4640 QC', 'Montreal','HW8 I9O', '334455')




CREATE TABLE GAME
(GAME_NUM CHAR(5) PRIMARY KEY,
GAME_DATE DATE,
GAME_TIME TIME,
LOC_ID CHAR(4),
CONSTRAINT GAME_LOC_ID_FK FOREIGN KEY (LOC_ID) REFERENCES LOCATION (LOC_ID))

--Q2
INSERT INTO GAME VALUES('00001', '2026-02-23', '23:30:00', '0001')
INSERT INTO GAME VALUES('00002', '2026-02-27', '19:00:00', '0002')
INSERT INTO GAME VALUES('00003', '2026-03-10', '17:00:00', '0003')
INSERT INTO GAME VALUES('00004', '2026-03-16', '21:30:00', '0004')



CREATE TABLE TEAM
(TEAM_CODE CHAR(4) PRIMARY KEY,
TEAM_NAME VARCHAR(15),
CITY_CODE CHAR(6),
CONSTRAINT TEAM_CITY_CODE_FK FOREIGN KEY (CITY_CODE) REFERENCES CITY (CITY_CODE))

--Q2
INSERT INTO TEAM VALUES('0012', 'Aaspa', '112233')
INSERT INTO TEAM VALUES('0013', 'Butterflies','223344')
INSERT INTO TEAM VALUES('0014', 'Da French', '334455')
INSERT INTO TEAM VALUES('0015', 'Raptors', '445566')



CREATE TABLE PLAYER 
(PLAYER_CODE CHAR(3) PRIMARY KEY,
PLAYER_LNAME VARCHAR(15),
PLAYER_FNAME VARCHAR(15),
PLAYER_INITIAL VARCHAR(2),
PLAYER_PHONE VARCHAR(13) UNIQUE,
TEAM_CODE CHAR(4),
CONSTRAINT PLAYER_TEAM_CODE_FK FOREIGN KEY (TEAM_CODE) REFERENCES TEAM (TEAM_CODE))

--Q2
INSERT INTO PLAYER VALUES('444', 'Lmao', 'Lama', 'LL', '612-653-7535','0012')
INSERT INTO PLAYER VALUES('555', 'James','Lebron','JL','243-565-2435','0013')
INSERT INTO PLAYER VALUES('777', 'D.', 'Rose', 'DR',  '345-676-5788', '0014')
INSERT INTO PLAYER VALUES('888', 'Guoise','Dame','GD','514-754-2346', '0015')



CREATE TABLE STAT
(STAT_POINTS VARCHAR(5),
STAT_FOULS VARCHAR(2),
STAT_FREETHROWS_TAKEN VARCHAR(2),
STAT_FREETHROWS_MADE VARCHAR(2),
GAME_NUM CHAR(5),
PLAYER_CODE CHAR(3),
PRIMARY KEY (GAME_NUM, PLAYER_CODE),
CONSTRAINT STAT_PLAYER_CODE_FK FOREIGN KEY (PLAYER_CODE) REFERENCES PLAYER (PLAYER_CODE),
CONSTRAINT STAT_GAME_NUM_FK FOREIGN KEY (GAME_NUM) REFERENCES GAME (GAME_NUM))

--Q
INSERT INTO STAT (STAT_POINTS, STAT_FOULS, STAT_FREETHROWS_TAKEN, STAT_FREETHROWS_MADE, GAME_NUM, PLAYER_CODE) VALUES('23','3', '4', '3', '00001', '444')
INSERT INTO STAT VALUES('25','5', '6', '2', '00002', '555')
INSERT INTO STAT VALUES('30','2', '3', '3', '00003', '777')
INSERT INTO STAT VALUES('19','6', '7', '5', '00004', '888')



CREATE TABLE COACH
(COACH_NUM CHAR(3),
TEAM_CODE CHAR(4),
PRIMARY KEY(COACH_NUM, TEAM_CODE),
COACH_LNAME VARCHAR(20),
COACH_FNAME VARCHAR(20),
COACH_INITIAL VARCHAR(2),
COACH_HOMEPHONE VARCHAR(13) UNIQUE,
COACH_WORKPHONE VARCHAR(13) UNIQUE,
COACH_E_MAIL VARCHAR(20) UNIQUE,
CONSTRAINT GAME_LINE_TEAM_CODE_FK FOREIGN KEY (TEAM_CODE) REFERENCES TEAM (TEAM_CODE))

--Q2
INSERT INTO COACH VALUES('112', '0012', 'Gisarlt', 'Suve', 'GS', '345-324-5322', '345-245-5432', 'gisarlt@gmail.com')
INSERT INTO COACH VALUES('223', '0013', 'Homme', 'Decard', 'HD', '645-343-4335', '645-676-4566', 'hommeD@yahoo.com')
INSERT INTO COACH VALUES('334', '0014', 'Sherwin', 'Plade', 'SP', '455-656-4567', '455-644-5632', 'sherwin@gmail.com')
INSERT INTO COACH VALUES('445', '0015', 'Leblanc', 'Clerke', 'LC' , '514-645-7654', '514-632-9533', 'leblanc@gmail.com')



CREATE TABLE GAME_LINE
(GLINE_CODE CHAR(4),
TEAM_CODE CHAR(4),
GAME_NUM CHAR(5), 
PRIMARY KEY (GLINE_CODE, TEAM_CODE, GAME_NUM),
GLINE_POINTS NUMERIC (5,2),
GLINE_FOULS VARCHAR(3),
GLINE_TIMEOUT VARCHAR(2),
CONSTRAINT GLINE_TEAM_CODE_FK FOREIGN KEY (TEAM_CODE) REFERENCES TEAM (TEAM_CODE),
CONSTRAINT GLINE_GAME_NUM_FK FOREIGN KEY (GAME_NUM) REFERENCES GAME (GAME_NUM))

--Q2
INSERT INTO GAME_LINE VALUES('1111', '0012', '00001', 32, '7', '1')
INSERT INTO GAME_LINE VALUES('2222', '0013', '00002', 40, '10', '2')
INSERT INTO GAME_LINE VALUES('3333', '0014', '00003', 29, '7', '2')
INSERT INTO GAME_LINE VALUES('4444', '0015', '00004', 31, '8', '1')



--Q3. Using the integrity enhancement features of SQL, write the statements that add the following constraints:  
--1. Add Player Age column to PLAYER table, ensuring that the age values fall within the range of 10 to 18 years.
--2. Ensure that no two teams have the same name in the TEAM table 

alter table PLAYER
ADD PLAYER_AGE varchar(3)

ALTER TABLE PLAYER
ADD CONSTRAINT PLAYER_PLAYER_AGE_CK CHECK(PLAYER_AGE >= 10 AND PLAYER_AGE <= 18)

ALTER TABLE TEAM
ADD CONSTRAINT TEAM_TEAM_NAME_UQ UNIQUE(TEAM_NAME)


--Q4. The manager wants you to register a new city and a new team in the system. At the same time, 
--the new team must be assigned to the newly created city, and two new coaches must be assigned to that team.
--Additionally, three new players must be registered under that team. All operations must be executed as a single transaction unit.
--Write the SQL statements required to complete this task.  How do you permanently save the changes?  
BEGIN TRANSACTION;

INSERT INTO CITY VALUES('556677','Quebec City', 'Lafed J.')

INSERT INTO TEAM VALUES('0016', 'Fresh Cut', '556677')

INSERT INTO COACH VALUES('556', '0016', 'Hisa', 'Dia', 'HD', '565-323-7563', '565-456-7545', 'hisa@gmail.com')
INSERT INTO COACH VALUES('667', '0016', 'Dior', 'Lesly', 'DH', '643-567-8764', '643-546-2456', 'dior@yahoo.com')

INSERT INTO PLAYER VALUES('999', 'Hayden', 'Lucas', 'HL', '435-454-6757', '0016')
INSERT INTO PLAYER VALUES('111', 'Decaruis', 'Jordan', 'DJ', '654-345-7564', '0016')

COMMIT;
--COMMIT IS USE TO PERMANENTLY SAVE THE CHANGES

--Q5. Using a subquery, retrieve all players who belong to a team coached by a coach whose last name is provided by you and whose team name is provided by you
SELECT*FROM TEAM SELECT* FROM COACH SELECT* FROM PLAYER

SELECT*
FROM PLAYER
WHERE TEAM_CODE IN (SELECT TEAM_CODE
					FROM COACH
					WHERE COACH_LNAME = 'Sherwin'
					AND TEAM_CODE IN (SELECT TEAM_CODE
										FROM TEAM
										WHERE TEAM_NAME = 'Da French'))

--Q6.  Now, can you delete the team while preserving all related records? Justify your answer based on referential integrity constraints.
--If not, propose a solution. 

--No, it's not possible to delete the team while perserving all related records, because of the constraint of the foreign key 'TEAM_CODE' is in multiple table like coach
--It will cause an error if we remove team.

--Solution: Delete TEAM_CODE in all of the table where the foreign key is TEAM_CODE
--e.g
DELETE FROM COACH
WHERE TEAM_CODE = '0013'





SELECT* FROM CITY
SELECT* FROM LOCATION
SELECT* FROM GAME
SELECT* FROM GAME_LINE
SELECT* FROM PLAYER
SELECT* FROM COACH
SELECT* FROM STAT
SELECT* FROM TEAM