--create database TinyVideo
--use TinyVideo

CREATE TABLE MEMBERSHIP
(MEM_NUM CHAR(3) PRIMARY KEY,
MEM_FNAME VARCHAR(40) NOT NULL,
MEM_LNAME VARCHAR(40) NOT NULL,
MEM_STREET VARCHAR(30) NOT NULL,
MEM_CITY VARCHAR(15) NOT NULL,
MEM_STATE VARCHAR(10) NOT NULL,
MEM_ZIP VARCHAR(10) NOT NULL,
MEM_BALANNCE NUMERIC (10, 2) NOT NULL)

INSERT INTO MEMBERSHIP VALUES('102', 'Tami', 'Dawson', '2632 Takli Circle', 'Norene', 'TN', '37136', 11)
INSERT INTO MEMBERSHIP VALUES('103', 'Curt', 'Knight', '4025 Cornell Court', 'Flapgap', 'KY', '41219', 6)
INSERT INTO MEMBERSHIP VALUES('104', 'Jamal', 'Melendez', '788 East 145th Avenue', 'Quebeck', 'TN', '38579', 0)
INSERT INTO MEMBERSHIP VALUES('105', 'Iva', 'Mcclain', '6045 Musket Ball Circle', 'Summit', 'KY', '42783', 15)
INSERT INTO MEMBERSHIP VALUES('106', 'Miranda', 'Parks', '4469 Maxwell Place', 'Germantown', 'TN','38183', 0)
INSERT INTO MEMBERSHIP VALUES('107', 'Rosario', 'Elliot', '7578 Danner Aveue', 'Columbia', 'TN', '38402', 5)
INSERT INTO MEMBERSHIP VALUES('108', 'Mattie', 'Guy', '4390 Evergreen Street', 'Lily', 'KY', '40740', 0)



CREATE TABLE RENTAL
(RENT_NUM CHAR(4) PRIMARY KEY,
RENT_DATE DATE,
MEM_NUM CHAR(3),
CONSTRAINT RENTAL_MEM_NUM_FK FOREIGN KEY (MEM_NUM) REFERENCES MEMBERSHIP(MEM_NUM))

INSERT INTO RENTAL VALUES('1001', '2009-04-01', '103')
INSERT INTO RENTAL VALUES('1002', '2009-04-01', '105')
INSERT INTO RENTAL VALUES('1003', '2009-04-02', '102')
INSERT INTO RENTAL VALUES('1004', '2009-04-01', '106')
INSERT INTO RENTAL VALUES('1005', '2009-04-01', '104')



CREATE TABLE VIDEO 
(VID_NUM CHAR(5) PRIMARY KEY,
VID_INDATE DATE)

ALTER TABLE VIDEO
ADD MOVIE_NUM CHAR(4)

ALTER TABLE VIDEO
ADD CONSTRAINT VIDEO_MOVIE_NUM_FK FOREIGN KEY (MOVIE_NUM) REFERENCES MOVIE(MOVIE_NUM)

INSERT INTO VIDEO VALUES('54321', '2008-06-18','1234')
INSERT INTO VIDEO VALUES('54324', '2008-06-18','1234')
INSERT INTO VIDEO VALUES('54325', '2008-06-18','1234')
INSERT INTO VIDEO VALUES('34321', '2007-01-22','1235')
INSERT INTO VIDEO VALUES('34342', '2007-01-22','1235')
INSERT INTO VIDEO VALUES('34366', '2009-04-02','1235')
INSERT INTO VIDEO VALUES('34367', '2009-04-02','1236')
INSERT INTO VIDEO VALUES('34368', '2009-04-02','1236')
INSERT INTO VIDEO VALUES('34369', '2009-04-02','1236')
INSERT INTO VIDEO VALUES('44392', '2008-10-21','1237')



CREATE TABLE DETAILRENTAL(
CONSTRAINT DETAILRENTAL_RENT_NUM_FK FOREIGN KEY(RENT_NUM) REFERENCES RENTAL(RENT_NUM),
CONSTRAINT DETAILRENTAL_VID_NUM_FK FOREIGN KEY (VID_NUM) REFERENCES VIDEO(VID_NUM),
DETAIL_FEE NUMERIC (5, 2) NOT NULL,
DETAIL_DUEDATE DATE,
DETAIL_RETURNDATE DATE,
DETAIL_DAILYLATEFEE NUMERIC (5, 02) NOT NULL,
RENT_NUM CHAR(4),
VID_NUM CHAR(5),
PRIMARY KEY (RENT_NUM, VID_NUM))

INSERT INTO DETAILRENTAL(RENT_NUM, VID_NUM, DETAIL_FEE, DETAIL_DUEDATE, DETAIL_RETURNDATE, DETAIL_DAILYLATEFEE) VALUES('1001', '34342', 2 , '2009-04-04', '2009-04-02', 1)
INSERT INTO DETAILRENTAL(RENT_NUM, VID_NUM, DETAIL_FEE, DETAIL_DUEDATE, DETAIL_RETURNDATE, DETAIL_DAILYLATEFEE) VALUES('1001', '44392', 2 , '2009-04-04', '2009-04-03', 1)
INSERT INTO DETAILRENTAL(RENT_NUM, VID_NUM, DETAIL_FEE, DETAIL_DUEDATE, DETAIL_RETURNDATE, DETAIL_DAILYLATEFEE) VALUES('1002', '54324', 3.5 , '2009-04-04', '2009-04-04', 3)
INSERT INTO DETAILRENTAL(RENT_NUM, VID_NUM, DETAIL_FEE, DETAIL_DUEDATE, DETAIL_RETURNDATE, DETAIL_DAILYLATEFEE) VALUES('1003', '54325', 3.5 , '2009-04-04', '2009-04-09', 3)
INSERT INTO DETAILRENTAL(RENT_NUM, VID_NUM, DETAIL_FEE, DETAIL_DUEDATE, DETAIL_RETURNDATE, DETAIL_DAILYLATEFEE) VALUES('1003', '34369', 2 , '2009-04-06', '2009-04-09', 1)
INSERT INTO DETAILRENTAL(RENT_NUM, VID_NUM, DETAIL_FEE, DETAIL_DUEDATE, DETAIL_RETURNDATE, DETAIL_DAILYLATEFEE) VALUES('1003', '34367', 0, '2009-04-06', '2009-04-09', 1)



CREATE TABLE MOVIE
(MOVIE_NUM CHAR(4) PRIMARY KEY,
MOVIE_NAME VARCHAR(30),
MOVIE_YEAR VARCHAR(4),
MOVIE_COST NUMERIC (5, 2),
MOVIE_GENRE VARCHAR(10),
PRICE_CODE CHAR(1),
CONSTRAINT MOVIE_PRICE_CODE_FK FOREIGN KEY (PRICE_CODE) REFERENCES PRICE(PRICE_CODE))

INSERT INTO MOVIE VALUES('1234', 'The Cesar Family Christmas', '2007', 39.95, 'Family', '2')
INSERT INTO MOVIE VALUES('1235', 'Smokey Mountain Wildlife', '2004', 59.95, 'Action', '1')
INSERT INTO MOVIE VALUES('1236', 'Richard Goodhope', '2008', 59.95, 'Drama', '2')
INSERT INTO MOVIE VALUES('1237', 'Beatnik Feve', '2007', 29.95, 'Comedy', '2')
INSERT INTO MOVIE VALUES('1238', 'Constant Companion', '2008', 89.95, 'Drama', '2')
INSERT INTO MOVIE VALUES('1239', 'Where Hope Dies', '1997', 25.49, 'Drama', '3')
INSERT INTO MOVIE VALUES('1245', 'Time to Burn', '2005', 45.49, 'Action', '1')
INSERT INTO MOVIE VALUES('1246', 'What He Doesnt Know', '2006', 58.29, 'Comedy', '1')



CREATE TABLE PRICE
(PRICE_CODE CHAR(1) PRIMARY KEY,
PRICE_DECRIPTION VARCHAR(20),
PRICE_RENTEE NUMERIC (5, 2),
PRICE_DAILYLATEFEE NUMERIC (5, 2))

INSERT INTO PRICE VALUES('1', 'Standard', 2, 1)
INSERT INTO PRICE VALUES('2', 'New Release', 3.5, 3)
INSERT INTO PRICE VALUES('3', 'Discount', 1.5, 1)
INSERT INTO PRICE VALUES('4', 'Weekly Special', 1, 0.5)



SELECT* FROM MEMBERSHIP
SELECT* FROM RENTAL
SELECT* FROM DETAILRENTAL
SELECT* FROM VIDEO
SELECT* FROM MOVIE
SELECT* FROM PRICE



--Task 2

--1. Write the SQL command to change the price code for all Action movies to price code 3.

UPDATE MOVIE
SET PRICE_CODE = '3'
WHERE MOVIE_GENRE = 'Action'


--2. Write a single SQL command to increase all price rental fee values by $0.50.

UPDATE PRICE
SET PRICE_RENTEE = PRICE_RENTEE + 0.50


--3. Write the SQL command to change the movie year for movie number 1245 to 2014  

UPDATE MOVIE
SET MOVIE_YEAR = '2014'
WHERE MOVIE_NUM ='1245'


--4. Alter the PRICE table to include an attribute named PRICE_RENTDAYS to store integers up to 2 digits. 
--The attribute should have a CHECK constraint less than 10.  

ALTER TABLE PRICE
ADD PRICE_RENTDAYS INT 
ALTER TABLE PRICE
ADD CONSTRAINT PRICE_RENTDAYS_CK CHECK(PRICE_RENTDAYS < 10)